"date_day","count_users"
2020-09-25 00:00:00.000,2451
2020-09-26 00:00:00.000,2030
2020-09-27 00:00:00.000,2186
2020-09-28 00:00:00.000,2732
2020-09-29 00:00:00.000,2834
2020-09-30 00:00:00.000,2734
2020-10-01 00:00:00.000,2699
2020-10-02 00:00:00.000,2558
2020-10-03 00:00:00.000,2162
2020-10-04 00:00:00.000,2398
2020-10-05 00:00:00.000,2832
2020-10-06 00:00:00.000,2676
2020-10-07 00:00:00.000,2560
2020-10-08 00:00:00.000,2660
2020-10-09 00:00:00.000,2414
2020-10-10 00:00:00.000,2114
2020-10-11 00:00:00.000,2429
2020-10-12 00:00:00.000,2978
2020-10-13 00:00:00.000,2734
2020-10-14 00:00:00.000,2691
2020-10-15 00:00:00.000,3197
2020-10-16 00:00:00.000,3488
2020-10-17 00:00:00.000,2867
2020-10-18 00:00:00.000,3114
2020-10-19 00:00:00.000,3689
2020-10-20 00:00:00.000,3606
2020-10-21 00:00:00.000,3483
2020-10-22 00:00:00.000,3409
2020-10-23 00:00:00.000,3234
2020-10-24 00:00:00.000,2963
2020-10-25 00:00:00.000,3048
2020-10-26 00:00:00.000,3385
2020-10-27 00:00:00.000,3518
2020-10-28 00:00:00.000,3607
2020-10-29 00:00:00.000,3558
2020-10-30 00:00:00.000,3337
2020-10-31 00:00:00.000,2856
2020-11-01 00:00:00.000,3052
2020-11-02 00:00:00.000,3819
2020-11-03 00:00:00.000,3641
2020-11-04 00:00:00.000,3433
2020-11-05 00:00:00.000,3687
2020-11-06 00:00:00.000,3666
2020-11-07 00:00:00.000,3193
2020-11-08 00:00:00.000,3424
2020-11-09 00:00:00.000,3859
2020-11-10 00:00:00.000,3893
2020-11-11 00:00:00.000,4004
2020-11-12 00:00:00.000,3574
2020-11-13 00:00:00.000,3526
2020-11-14 00:00:00.000,3350
2020-11-15 00:00:00.000,3535
2020-11-16 00:00:00.000,3952
2020-11-17 00:00:00.000,4101
2020-11-18 00:00:00.000,4287
2020-11-19 00:00:00.000,3938
2020-11-20 00:00:00.000,3996
2020-11-21 00:00:00.000,3551
2020-11-22 00:00:00.000,3041
2020-11-23 00:00:00.000,2913
2020-11-24 00:00:00.000,2735
2020-11-25 00:00:00.000,2933
2020-11-26 00:00:00.000,2930
2020-11-27 00:00:00.000,2942
2020-11-28 00:00:00.000,2397
2020-11-29 00:00:00.000,2429
2020-11-30 00:00:00.000,2848
2020-12-01 00:00:00.000,2635
2020-12-02 00:00:00.000,2672
2020-12-03 00:00:00.000,2585
2020-12-04 00:00:00.000,2585
2020-12-05 00:00:00.000,2277
2020-12-06 00:00:00.000,1834
2020-12-07 00:00:00.000,2659
2020-12-08 00:00:00.000,2650
2020-12-09 00:00:00.000,2765
2020-12-10 00:00:00.000,2436
2020-12-11 00:00:00.000,2617
2020-12-12 00:00:00.000,2394
2020-12-13 00:00:00.000,2846
2020-12-14 00:00:00.000,2840
2020-12-15 00:00:00.000,3009
2020-12-16 00:00:00.000,2697
2020-12-17 00:00:00.000,2838
2020-12-18 00:00:00.000,2557
2020-12-19 00:00:00.000,2543
2020-12-20 00:00:00.000,2609
2020-12-21 00:00:00.000,3307
2020-12-22 00:00:00.000,3138
2020-12-23 00:00:00.000,2949
2020-12-24 00:00:00.000,2521
2020-12-25 00:00:00.000,2386
2020-12-26 00:00:00.000,2447
2020-12-27 00:00:00.000,2501
2020-12-28 00:00:00.000,2909
2020-12-29 00:00:00.000,2418
2020-12-30 00:00:00.000,2296
2020-12-31 00:00:00.000,1370
2021-01-01 00:00:00.000,1804
2021-01-02 00:00:00.000,2180
2021-01-03 00:00:00.000,2629
2021-01-04 00:00:00.000,2772
2021-01-05 00:00:00.000,2757
2021-01-06 00:00:00.000,2767
2021-01-07 00:00:00.000,2695
2021-01-08 00:00:00.000,3020
2021-01-09 00:00:00.000,2993
2021-01-10 00:00:00.000,2928
2021-01-11 00:00:00.000,3484
2021-01-12 00:00:00.000,3310
2021-01-13 00:00:00.000,3311
2021-01-14 00:00:00.000,3241
2021-01-15 00:00:00.000,3079
2021-01-16 00:00:00.000,2875
2021-01-17 00:00:00.000,3012
2021-01-18 00:00:00.000,3342
2021-01-19 00:00:00.000,3363
2021-01-20 00:00:00.000,3285
2021-01-21 00:00:00.000,3233
2021-01-22 00:00:00.000,3045
2021-01-23 00:00:00.000,2738
2021-01-24 00:00:00.000,2985
2021-01-25 00:00:00.000,3302
2021-01-26 00:00:00.000,3257
2021-01-27 00:00:00.000,3040
2021-01-28 00:00:00.000,3019
2021-01-29 00:00:00.000,2861
2021-01-30 00:00:00.000,2790
2021-01-31 00:00:00.000,2883
2021-02-01 00:00:00.000,3325
2021-02-02 00:00:00.000,3320
2021-02-03 00:00:00.000,3226
2021-02-04 00:00:00.000,3517
2021-02-05 00:00:00.000,3173
2021-02-06 00:00:00.000,2997
2021-02-07 00:00:00.000,3122
2021-02-08 00:00:00.000,3475
2021-02-09 00:00:00.000,3138
2021-02-10 00:00:00.000,3090
2021-02-11 00:00:00.000,3114
2021-02-12 00:00:00.000,2822
2021-02-13 00:00:00.000,2655
2021-02-14 00:00:00.000,2793
2021-02-15 00:00:00.000,3082
2021-02-16 00:00:00.000,3067
2021-02-17 00:00:00.000,3048
2021-02-18 00:00:00.000,2858
2021-02-19 00:00:00.000,2863
2021-02-20 00:00:00.000,2728
2021-02-21 00:00:00.000,2794
2021-02-22 00:00:00.000,2738
2021-02-23 00:00:00.000,2518
2021-02-24 00:00:00.000,2904
2021-02-25 00:00:00.000,2784
2021-02-26 00:00:00.000,2960
2021-02-27 00:00:00.000,2578
2021-02-28 00:00:00.000,2775
