"day_","event_type","count_events","share"
2020-09-25 00:00:00.000,cart,240,5.66
2020-09-25 00:00:00.000,purchase,149,3.51
2020-09-25 00:00:00.000,view,3850,90.82
2020-09-26 00:00:00.000,cart,177,5.11
2020-09-26 00:00:00.000,purchase,119,3.44
2020-09-26 00:00:00.000,view,3166,91.45
2020-09-27 00:00:00.000,cart,172,4.47
2020-09-27 00:00:00.000,purchase,110,2.86
2020-09-27 00:00:00.000,view,3567,92.67
2020-09-28 00:00:00.000,cart,259,5.50
2020-09-28 00:00:00.000,purchase,200,4.24
2020-09-28 00:00:00.000,view,4253,90.26
2020-09-29 00:00:00.000,cart,263,5.28
2020-09-29 00:00:00.000,purchase,194,3.90
2020-09-29 00:00:00.000,view,4523,90.82
2020-09-30 00:00:00.000,cart,202,4.44
2020-09-30 00:00:00.000,purchase,151,3.32
2020-09-30 00:00:00.000,view,4197,92.24
2020-10-01 00:00:00.000,cart,250,5.37
2020-10-01 00:00:00.000,purchase,175,3.76
2020-10-01 00:00:00.000,view,4227,90.86
2020-10-02 00:00:00.000,cart,245,5.39
2020-10-02 00:00:00.000,purchase,158,3.47
2020-10-02 00:00:00.000,view,4146,91.14
2020-10-03 00:00:00.000,cart,211,5.60
2020-10-03 00:00:00.000,purchase,135,3.58
2020-10-03 00:00:00.000,view,3423,90.82
2020-10-04 00:00:00.000,cart,248,5.63
2020-10-04 00:00:00.000,purchase,189,4.29
2020-10-04 00:00:00.000,view,3971,90.09
2020-10-05 00:00:00.000,cart,275,5.53
2020-10-05 00:00:00.000,purchase,208,4.18
2020-10-05 00:00:00.000,view,4493,90.29
2020-10-06 00:00:00.000,cart,296,6.20
2020-10-06 00:00:00.000,purchase,216,4.53
2020-10-06 00:00:00.000,view,4259,89.27
2020-10-07 00:00:00.000,cart,276,6.19
2020-10-07 00:00:00.000,purchase,174,3.90
2020-10-07 00:00:00.000,view,4007,89.90
2020-10-08 00:00:00.000,cart,264,5.55
2020-10-08 00:00:00.000,purchase,230,4.83
2020-10-08 00:00:00.000,view,4267,89.62
2020-10-09 00:00:00.000,cart,194,4.80
2020-10-09 00:00:00.000,purchase,154,3.81
2020-10-09 00:00:00.000,view,3692,91.39
2020-10-10 00:00:00.000,cart,191,5.29
2020-10-10 00:00:00.000,purchase,127,3.52
2020-10-10 00:00:00.000,view,3292,91.19
2020-10-11 00:00:00.000,cart,200,4.80
2020-10-11 00:00:00.000,purchase,169,4.06
2020-10-11 00:00:00.000,view,3794,91.14
2020-10-12 00:00:00.000,cart,273,5.54
2020-10-12 00:00:00.000,purchase,172,3.49
2020-10-12 00:00:00.000,view,4483,90.97
2020-10-13 00:00:00.000,cart,243,5.40
2020-10-13 00:00:00.000,purchase,144,3.20
2020-10-13 00:00:00.000,view,4113,91.40
2020-10-14 00:00:00.000,cart,264,5.82
2020-10-14 00:00:00.000,purchase,193,4.25
2020-10-14 00:00:00.000,view,4082,89.93
2020-10-15 00:00:00.000,cart,305,5.50
2020-10-15 00:00:00.000,purchase,209,3.77
2020-10-15 00:00:00.000,view,5033,90.73
2020-10-16 00:00:00.000,cart,319,5.49
2020-10-16 00:00:00.000,purchase,261,4.50
2020-10-16 00:00:00.000,view,5226,90.01
2020-10-17 00:00:00.000,cart,245,5.13
2020-10-17 00:00:00.000,purchase,186,3.89
2020-10-17 00:00:00.000,view,4346,90.98
2020-10-18 00:00:00.000,cart,300,5.42
2020-10-18 00:00:00.000,purchase,210,3.80
2020-10-18 00:00:00.000,view,5022,90.78
2020-10-19 00:00:00.000,cart,343,5.26
2020-10-19 00:00:00.000,purchase,262,4.02
2020-10-19 00:00:00.000,view,5913,90.72
2020-10-20 00:00:00.000,cart,364,5.77
2020-10-20 00:00:00.000,purchase,253,4.01
2020-10-20 00:00:00.000,view,5687,90.21
2020-10-21 00:00:00.000,cart,315,5.13
2020-10-21 00:00:00.000,purchase,263,4.29
2020-10-21 00:00:00.000,view,5559,90.58
2020-10-22 00:00:00.000,cart,320,5.34
2020-10-22 00:00:00.000,purchase,202,3.37
2020-10-22 00:00:00.000,view,5467,91.28
2020-10-23 00:00:00.000,cart,296,5.22
2020-10-23 00:00:00.000,purchase,224,3.95
2020-10-23 00:00:00.000,view,5153,90.83
2020-10-24 00:00:00.000,cart,298,5.55
2020-10-24 00:00:00.000,purchase,223,4.15
2020-10-24 00:00:00.000,view,4847,90.29
2020-10-25 00:00:00.000,cart,240,4.57
2020-10-25 00:00:00.000,purchase,180,3.43
2020-10-25 00:00:00.000,view,4834,92.01
2020-10-26 00:00:00.000,cart,341,5.59
2020-10-26 00:00:00.000,purchase,214,3.51
2020-10-26 00:00:00.000,view,5546,90.90
2020-10-27 00:00:00.000,cart,346,5.37
2020-10-27 00:00:00.000,purchase,254,3.94
2020-10-27 00:00:00.000,view,5847,90.69
2020-10-28 00:00:00.000,cart,312,5.02
2020-10-28 00:00:00.000,purchase,251,4.04
2020-10-28 00:00:00.000,view,5647,90.93
2020-10-29 00:00:00.000,cart,329,5.20
2020-10-29 00:00:00.000,purchase,215,3.39
2020-10-29 00:00:00.000,view,5789,91.41
2020-10-30 00:00:00.000,cart,349,5.74
2020-10-30 00:00:00.000,purchase,234,3.85
2020-10-30 00:00:00.000,view,5498,90.41
2020-10-31 00:00:00.000,cart,276,5.32
2020-10-31 00:00:00.000,purchase,191,3.68
2020-10-31 00:00:00.000,view,4722,91.00
2020-11-01 00:00:00.000,cart,318,5.59
2020-11-01 00:00:00.000,purchase,221,3.89
2020-11-01 00:00:00.000,view,5148,90.52
2020-11-02 00:00:00.000,cart,369,5.46
2020-11-02 00:00:00.000,purchase,256,3.79
2020-11-02 00:00:00.000,view,6134,90.75
2020-11-03 00:00:00.000,cart,376,5.58
2020-11-03 00:00:00.000,purchase,244,3.62
2020-11-03 00:00:00.000,view,6116,90.80
2020-11-04 00:00:00.000,cart,336,5.45
2020-11-04 00:00:00.000,purchase,222,3.60
2020-11-04 00:00:00.000,view,5607,90.95
2020-11-05 00:00:00.000,cart,382,5.76
2020-11-05 00:00:00.000,purchase,265,4.00
2020-11-05 00:00:00.000,view,5982,90.24
2020-11-06 00:00:00.000,cart,310,4.86
2020-11-06 00:00:00.000,purchase,236,3.70
2020-11-06 00:00:00.000,view,5839,91.45
2020-11-07 00:00:00.000,cart,313,5.35
2020-11-07 00:00:00.000,purchase,249,4.26
2020-11-07 00:00:00.000,view,5287,90.39
2020-11-08 00:00:00.000,cart,384,5.88
2020-11-08 00:00:00.000,purchase,279,4.27
2020-11-08 00:00:00.000,view,5864,89.84
2020-11-09 00:00:00.000,cart,408,5.63
2020-11-09 00:00:00.000,purchase,282,3.89
2020-11-09 00:00:00.000,view,6559,90.48
2020-11-10 00:00:00.000,cart,372,5.32
2020-11-10 00:00:00.000,purchase,260,3.72
2020-11-10 00:00:00.000,view,6362,90.96
2020-11-11 00:00:00.000,cart,506,6.49
2020-11-11 00:00:00.000,purchase,395,5.07
2020-11-11 00:00:00.000,view,6893,88.44
2020-11-12 00:00:00.000,cart,405,6.18
2020-11-12 00:00:00.000,purchase,362,5.53
2020-11-12 00:00:00.000,view,5782,88.29
2020-11-13 00:00:00.000,cart,388,5.95
2020-11-13 00:00:00.000,purchase,328,5.03
2020-11-13 00:00:00.000,view,5807,89.02
2020-11-14 00:00:00.000,cart,297,4.87
2020-11-14 00:00:00.000,purchase,250,4.10
2020-11-14 00:00:00.000,view,5554,91.03
2020-11-15 00:00:00.000,cart,350,5.41
2020-11-15 00:00:00.000,purchase,218,3.37
2020-11-15 00:00:00.000,view,5899,91.22
2020-11-16 00:00:00.000,cart,427,5.70
2020-11-16 00:00:00.000,purchase,290,3.87
2020-11-16 00:00:00.000,view,6775,90.43
2020-11-17 00:00:00.000,cart,429,5.67
2020-11-17 00:00:00.000,purchase,294,3.88
2020-11-17 00:00:00.000,view,6847,90.45
2020-11-18 00:00:00.000,cart,463,5.77
2020-11-18 00:00:00.000,purchase,355,4.42
2020-11-18 00:00:00.000,view,7205,89.80
2020-11-19 00:00:00.000,cart,351,5.01
2020-11-19 00:00:00.000,purchase,239,3.41
2020-11-19 00:00:00.000,view,6421,91.58
2020-11-20 00:00:00.000,cart,375,5.22
2020-11-20 00:00:00.000,purchase,257,3.58
2020-11-20 00:00:00.000,view,6555,91.21
2020-11-21 00:00:00.000,cart,322,5.11
2020-11-21 00:00:00.000,purchase,236,3.74
2020-11-21 00:00:00.000,view,5745,91.15
2020-11-22 00:00:00.000,cart,296,5.37
2020-11-22 00:00:00.000,purchase,187,3.39
2020-11-22 00:00:00.000,view,5027,91.23
2020-11-23 00:00:00.000,cart,303,5.68
2020-11-23 00:00:00.000,purchase,220,4.12
2020-11-23 00:00:00.000,view,4813,90.20
2020-11-24 00:00:00.000,cart,292,5.75
2020-11-24 00:00:00.000,purchase,236,4.65
2020-11-24 00:00:00.000,view,4550,89.60
2020-11-25 00:00:00.000,cart,317,5.84
2020-11-25 00:00:00.000,purchase,239,4.41
2020-11-25 00:00:00.000,view,4869,89.75
2020-11-26 00:00:00.000,cart,269,5.16
2020-11-26 00:00:00.000,purchase,195,3.74
2020-11-26 00:00:00.000,view,4752,91.10
2020-11-27 00:00:00.000,cart,283,5.40
2020-11-27 00:00:00.000,purchase,215,4.10
2020-11-27 00:00:00.000,view,4740,90.49
2020-11-28 00:00:00.000,cart,215,5.11
2020-11-28 00:00:00.000,purchase,116,2.75
2020-11-28 00:00:00.000,view,3880,92.14
2020-11-29 00:00:00.000,cart,260,5.64
2020-11-29 00:00:00.000,purchase,181,3.93
2020-11-29 00:00:00.000,view,4165,90.43
2020-11-30 00:00:00.000,cart,317,5.85
2020-11-30 00:00:00.000,purchase,247,4.56
2020-11-30 00:00:00.000,view,4853,89.59
2020-12-01 00:00:00.000,cart,300,6.06
2020-12-01 00:00:00.000,purchase,221,4.47
2020-12-01 00:00:00.000,view,4428,89.47
2020-12-02 00:00:00.000,cart,286,5.80
2020-12-02 00:00:00.000,purchase,181,3.67
2020-12-02 00:00:00.000,view,4463,90.53
2020-12-03 00:00:00.000,cart,288,5.94
2020-12-03 00:00:00.000,purchase,194,4.00
2020-12-03 00:00:00.000,view,4369,90.06
2020-12-04 00:00:00.000,cart,235,4.96
2020-12-04 00:00:00.000,purchase,142,3.00
2020-12-04 00:00:00.000,view,4364,92.05
2020-12-05 00:00:00.000,cart,243,5.72
2020-12-05 00:00:00.000,purchase,160,3.76
2020-12-05 00:00:00.000,view,3848,90.52
2020-12-06 00:00:00.000,cart,158,4.96
2020-12-06 00:00:00.000,purchase,112,3.51
2020-12-06 00:00:00.000,view,2917,91.53
2020-12-07 00:00:00.000,cart,275,5.58
2020-12-07 00:00:00.000,purchase,236,4.79
2020-12-07 00:00:00.000,view,4417,89.63
2020-12-08 00:00:00.000,cart,276,5.79
2020-12-08 00:00:00.000,purchase,203,4.26
2020-12-08 00:00:00.000,view,4291,89.96
2020-12-09 00:00:00.000,cart,299,5.76
2020-12-09 00:00:00.000,purchase,222,4.27
2020-12-09 00:00:00.000,view,4673,89.97
2020-12-10 00:00:00.000,cart,262,5.83
2020-12-10 00:00:00.000,purchase,166,3.69
2020-12-10 00:00:00.000,view,4069,90.48
2020-12-11 00:00:00.000,cart,299,6.32
2020-12-11 00:00:00.000,purchase,161,3.40
2020-12-11 00:00:00.000,view,4274,90.28
2020-12-12 00:00:00.000,cart,289,6.15
2020-12-12 00:00:00.000,purchase,196,4.17
2020-12-12 00:00:00.000,view,4215,89.68
2020-12-13 00:00:00.000,cart,320,6.02
2020-12-13 00:00:00.000,purchase,249,4.68
2020-12-13 00:00:00.000,view,4749,89.30
2020-12-14 00:00:00.000,cart,342,6.22
2020-12-14 00:00:00.000,purchase,252,4.58
2020-12-14 00:00:00.000,view,4908,89.20
2020-12-15 00:00:00.000,cart,303,5.50
2020-12-15 00:00:00.000,purchase,218,3.96
2020-12-15 00:00:00.000,view,4984,90.54
2020-12-16 00:00:00.000,cart,348,7.03
2020-12-16 00:00:00.000,purchase,225,4.55
2020-12-16 00:00:00.000,view,4377,88.42
2020-12-17 00:00:00.000,cart,394,7.13
2020-12-17 00:00:00.000,purchase,264,4.78
2020-12-17 00:00:00.000,view,4867,88.09
2020-12-18 00:00:00.000,cart,352,7.17
2020-12-18 00:00:00.000,purchase,262,5.34
2020-12-18 00:00:00.000,view,4295,87.49
2020-12-19 00:00:00.000,cart,322,6.25
2020-12-19 00:00:00.000,purchase,256,4.97
2020-12-19 00:00:00.000,view,4572,88.78
2020-12-20 00:00:00.000,cart,297,5.68
2020-12-20 00:00:00.000,purchase,204,3.90
2020-12-20 00:00:00.000,view,4731,90.42
2020-12-21 00:00:00.000,cart,368,5.77
2020-12-21 00:00:00.000,purchase,276,4.32
2020-12-21 00:00:00.000,view,5738,89.91
2020-12-22 00:00:00.000,cart,398,6.38
2020-12-22 00:00:00.000,purchase,285,4.57
2020-12-22 00:00:00.000,view,5555,89.05
2020-12-23 00:00:00.000,cart,362,6.54
2020-12-23 00:00:00.000,purchase,250,4.52
2020-12-23 00:00:00.000,view,4919,88.94
2020-12-24 00:00:00.000,cart,279,5.76
2020-12-24 00:00:00.000,purchase,210,4.34
2020-12-24 00:00:00.000,view,4353,89.90
2020-12-25 00:00:00.000,cart,303,6.55
2020-12-25 00:00:00.000,purchase,168,3.63
2020-12-25 00:00:00.000,view,4153,89.81
2020-12-26 00:00:00.000,cart,319,6.63
2020-12-26 00:00:00.000,purchase,205,4.26
2020-12-26 00:00:00.000,view,4286,89.11
2020-12-27 00:00:00.000,cart,301,6.06
2020-12-27 00:00:00.000,purchase,236,4.75
2020-12-27 00:00:00.000,view,4429,89.19
2020-12-28 00:00:00.000,cart,417,7.14
2020-12-28 00:00:00.000,purchase,318,5.44
2020-12-28 00:00:00.000,view,5107,87.42
2020-12-29 00:00:00.000,cart,276,5.96
2020-12-29 00:00:00.000,purchase,164,3.54
2020-12-29 00:00:00.000,view,4188,90.49
2020-12-30 00:00:00.000,cart,267,6.29
2020-12-30 00:00:00.000,purchase,184,4.34
2020-12-30 00:00:00.000,view,3793,89.37
2020-12-31 00:00:00.000,cart,164,6.28
2020-12-31 00:00:00.000,purchase,109,4.18
2020-12-31 00:00:00.000,view,2337,89.54
2021-01-01 00:00:00.000,cart,226,6.28
2021-01-01 00:00:00.000,purchase,146,4.06
2021-01-01 00:00:00.000,view,3224,89.66
2021-01-02 00:00:00.000,cart,249,5.84
2021-01-02 00:00:00.000,purchase,162,3.80
2021-01-02 00:00:00.000,view,3851,90.36
2021-01-03 00:00:00.000,cart,324,6.23
2021-01-03 00:00:00.000,purchase,204,3.92
2021-01-03 00:00:00.000,view,4675,89.85
2021-01-04 00:00:00.000,cart,324,5.91
2021-01-04 00:00:00.000,purchase,229,4.18
2021-01-04 00:00:00.000,view,4930,89.91
2021-01-05 00:00:00.000,cart,353,6.33
2021-01-05 00:00:00.000,purchase,237,4.25
2021-01-05 00:00:00.000,view,4985,89.42
2021-01-06 00:00:00.000,cart,319,5.77
2021-01-06 00:00:00.000,purchase,223,4.03
2021-01-06 00:00:00.000,view,4985,90.19
2021-01-07 00:00:00.000,cart,298,5.76
2021-01-07 00:00:00.000,purchase,171,3.31
2021-01-07 00:00:00.000,view,4703,90.93
2021-01-08 00:00:00.000,cart,438,7.16
2021-01-08 00:00:00.000,purchase,291,4.76
2021-01-08 00:00:00.000,view,5388,88.08
2021-01-09 00:00:00.000,cart,387,6.30
2021-01-09 00:00:00.000,purchase,241,3.93
2021-01-09 00:00:00.000,view,5512,89.77
2021-01-10 00:00:00.000,cart,428,6.81
2021-01-10 00:00:00.000,purchase,260,4.13
2021-01-10 00:00:00.000,view,5600,89.06
2021-01-11 00:00:00.000,cart,503,7.04
2021-01-11 00:00:00.000,purchase,353,4.94
2021-01-11 00:00:00.000,view,6290,88.02
2021-01-12 00:00:00.000,cart,562,8.17
2021-01-12 00:00:00.000,purchase,316,4.60
2021-01-12 00:00:00.000,view,5999,87.23
2021-01-13 00:00:00.000,cart,448,6.84
2021-01-13 00:00:00.000,purchase,256,3.91
2021-01-13 00:00:00.000,view,5850,89.26
2021-01-14 00:00:00.000,cart,532,7.84
2021-01-14 00:00:00.000,purchase,317,4.67
2021-01-14 00:00:00.000,view,5936,87.49
2021-01-15 00:00:00.000,cart,406,6.66
2021-01-15 00:00:00.000,purchase,258,4.23
2021-01-15 00:00:00.000,view,5433,89.11
2021-01-16 00:00:00.000,cart,380,6.51
2021-01-16 00:00:00.000,purchase,237,4.06
2021-01-16 00:00:00.000,view,5223,89.43
2021-01-17 00:00:00.000,cart,399,6.46
2021-01-17 00:00:00.000,purchase,285,4.62
2021-01-17 00:00:00.000,view,5488,88.92
2021-01-18 00:00:00.000,cart,434,6.38
2021-01-18 00:00:00.000,purchase,281,4.13
2021-01-18 00:00:00.000,view,6088,89.49
2021-01-19 00:00:00.000,cart,525,7.32
2021-01-19 00:00:00.000,purchase,328,4.57
2021-01-19 00:00:00.000,view,6324,88.11
2021-01-20 00:00:00.000,cart,522,7.79
2021-01-20 00:00:00.000,purchase,389,5.81
2021-01-20 00:00:00.000,view,5787,86.40
2021-01-21 00:00:00.000,cart,442,6.76
2021-01-21 00:00:00.000,purchase,289,4.42
2021-01-21 00:00:00.000,view,5807,88.82
2021-01-22 00:00:00.000,cart,383,6.12
2021-01-22 00:00:00.000,purchase,303,4.84
2021-01-22 00:00:00.000,view,5568,89.03
2021-01-23 00:00:00.000,cart,401,7.23
2021-01-23 00:00:00.000,purchase,284,5.12
2021-01-23 00:00:00.000,view,4860,87.65
2021-01-24 00:00:00.000,cart,476,7.56
2021-01-24 00:00:00.000,purchase,294,4.67
2021-01-24 00:00:00.000,view,5523,87.76
2021-01-25 00:00:00.000,cart,489,7.14
2021-01-25 00:00:00.000,purchase,338,4.93
2021-01-25 00:00:00.000,view,6026,87.93
2021-01-26 00:00:00.000,cart,473,6.93
2021-01-26 00:00:00.000,purchase,304,4.46
2021-01-26 00:00:00.000,view,6045,88.61
2021-01-27 00:00:00.000,cart,397,6.66
2021-01-27 00:00:00.000,purchase,271,4.55
2021-01-27 00:00:00.000,view,5290,88.79
2021-01-28 00:00:00.000,cart,444,7.07
2021-01-28 00:00:00.000,purchase,286,4.56
2021-01-28 00:00:00.000,view,5547,88.37
2021-01-29 00:00:00.000,cart,394,6.95
2021-01-29 00:00:00.000,purchase,266,4.69
2021-01-29 00:00:00.000,view,5007,88.35
2021-01-30 00:00:00.000,cart,360,6.12
2021-01-30 00:00:00.000,purchase,241,4.09
2021-01-30 00:00:00.000,view,5286,89.79
2021-01-31 00:00:00.000,cart,377,6.48
2021-01-31 00:00:00.000,purchase,255,4.38
2021-01-31 00:00:00.000,view,5186,89.14
2021-02-01 00:00:00.000,cart,408,6.22
2021-02-01 00:00:00.000,purchase,265,4.04
2021-02-01 00:00:00.000,view,5883,89.73
2021-02-02 00:00:00.000,cart,403,6.19
2021-02-02 00:00:00.000,purchase,297,4.57
2021-02-02 00:00:00.000,view,5806,89.24
2021-02-03 00:00:00.000,cart,380,5.97
2021-02-03 00:00:00.000,purchase,234,3.68
2021-02-03 00:00:00.000,view,5747,90.35
2021-02-04 00:00:00.000,cart,394,6.07
2021-02-04 00:00:00.000,purchase,284,4.38
2021-02-04 00:00:00.000,view,5811,89.55
2021-02-05 00:00:00.000,cart,359,6.08
2021-02-05 00:00:00.000,purchase,215,3.64
2021-02-05 00:00:00.000,view,5329,90.28
2021-02-06 00:00:00.000,cart,409,6.94
2021-02-06 00:00:00.000,purchase,264,4.48
2021-02-06 00:00:00.000,view,5223,88.59
2021-02-07 00:00:00.000,cart,401,6.60
2021-02-07 00:00:00.000,purchase,302,4.97
2021-02-07 00:00:00.000,view,5369,88.42
2021-02-08 00:00:00.000,cart,460,6.66
2021-02-08 00:00:00.000,purchase,285,4.13
2021-02-08 00:00:00.000,view,6162,89.21
2021-02-09 00:00:00.000,cart,470,7.15
2021-02-09 00:00:00.000,purchase,350,5.33
2021-02-09 00:00:00.000,view,5752,87.52
2021-02-10 00:00:00.000,cart,451,6.86
2021-02-10 00:00:00.000,purchase,328,4.99
2021-02-10 00:00:00.000,view,5793,88.15
2021-02-11 00:00:00.000,cart,444,7.24
2021-02-11 00:00:00.000,purchase,268,4.37
2021-02-11 00:00:00.000,view,5423,88.39
2021-02-12 00:00:00.000,cart,392,6.67
2021-02-12 00:00:00.000,purchase,264,4.49
2021-02-12 00:00:00.000,view,5225,88.85
2021-02-13 00:00:00.000,cart,408,6.91
2021-02-13 00:00:00.000,purchase,286,4.84
2021-02-13 00:00:00.000,view,5210,88.25
2021-02-14 00:00:00.000,cart,427,7.38
2021-02-14 00:00:00.000,purchase,263,4.54
2021-02-14 00:00:00.000,view,5097,88.08
2021-02-15 00:00:00.000,cart,443,7.01
2021-02-15 00:00:00.000,purchase,280,4.43
2021-02-15 00:00:00.000,view,5595,88.56
2021-02-16 00:00:00.000,cart,450,7.27
2021-02-16 00:00:00.000,purchase,279,4.50
2021-02-16 00:00:00.000,view,5465,88.23
2021-02-17 00:00:00.000,cart,452,7.35
2021-02-17 00:00:00.000,purchase,286,4.65
2021-02-17 00:00:00.000,view,5412,88.00
2021-02-18 00:00:00.000,cart,438,7.46
2021-02-18 00:00:00.000,purchase,318,5.42
2021-02-18 00:00:00.000,view,5115,87.12
2021-02-19 00:00:00.000,cart,372,6.72
2021-02-19 00:00:00.000,purchase,252,4.55
2021-02-19 00:00:00.000,view,4909,88.72
2021-02-20 00:00:00.000,cart,384,6.96
2021-02-20 00:00:00.000,purchase,277,5.02
2021-02-20 00:00:00.000,view,4860,88.03
2021-02-21 00:00:00.000,cart,409,7.23
2021-02-21 00:00:00.000,purchase,324,5.73
2021-02-21 00:00:00.000,view,4923,87.04
2021-02-22 00:00:00.000,cart,395,7.18
2021-02-22 00:00:00.000,purchase,242,4.40
2021-02-22 00:00:00.000,view,4861,88.41
2021-02-23 00:00:00.000,cart,365,7.18
2021-02-23 00:00:00.000,purchase,246,4.84
2021-02-23 00:00:00.000,view,4476,87.99
2021-02-24 00:00:00.000,cart,413,7.12
2021-02-24 00:00:00.000,purchase,292,5.04
2021-02-24 00:00:00.000,view,5094,87.84
2021-02-25 00:00:00.000,cart,411,7.28
2021-02-25 00:00:00.000,purchase,248,4.39
2021-02-25 00:00:00.000,view,4986,88.33
2021-02-26 00:00:00.000,cart,416,7.10
2021-02-26 00:00:00.000,purchase,275,4.69
2021-02-26 00:00:00.000,view,5169,88.21
2021-02-27 00:00:00.000,cart,325,6.59
2021-02-27 00:00:00.000,purchase,223,4.53
2021-02-27 00:00:00.000,view,4380,88.88
2021-02-28 00:00:00.000,cart,339,6.44
2021-02-28 00:00:00.000,purchase,195,3.70
2021-02-28 00:00:00.000,view,4733,89.86
